task_id,episodes,parse_success_rate,pick_success_rate,place_success_rate,overall_success_rate,collision_rate,timeout_rate,average_duration_seconds,median_duration_seconds
move_blue_right,4,1.0,1.0,1.0,1.0,0.0,0.0,10.372025095750132,10.0948623270001
move_red_left,1,1.0,1.0,1.0,1.0,0.0,0.0,11.201312746999974,11.201312746999974
place_blue_right_of_red,2,1.0,1.0,1.0,1.0,0.0,0.0,10.519913684000585,10.519913684000585
place_red_left_of_blue,2,1.0,1.0,1.0,1.0,0.0,0.0,11.609516255499784,11.609516255499784
swap_red_blue,3,1.0,1.0,1.0,1.0,0.0,0.0,30.049806339000195,29.356628543000625
