task_id,episodes,parse_success_rate,pick_success_rate,place_success_rate,overall_success_rate,collision_rate,timeout_rate,average_duration_seconds,median_duration_seconds
move_blue_right,16,1.0,1.0,1.0,1.0,0.0,0.0,11.46943047243758,10.496092336000402
move_red_left,16,1.0,1.0,1.0,1.0,0.0,0.0,12.29696102499986,11.664478232499732
place_blue_right_of_red,16,1.0,1.0,1.0,1.0,0.0,0.0,12.137958496312478,11.784183119999852
place_red_left_of_blue,16,1.0,1.0,1.0,1.0,0.0,0.0,12.404226068062542,11.850069535500097
swap_red_blue,16,1.0,1.0,1.0,1.0,0.0,0.0,33.64674648931248,29.589456038499975
